{"stats":{"minecraft:mined":{"minecraft:diamond_ore":25},"minecraft:custom":{"minecraft:time_since_rest":203534,"minecraft:play_one_minute":203534,"minecraft:sprint_one_cm":146,"minecraft:walk_one_cm":186385,"minecraft:sneak_time":1326,"minecraft:walk_under_water_one_cm":404,"minecraft:drop":20,"minecraft:jump":216,"minecraft:leave_game":9,"minecraft:walk_on_water_one_cm":930,"minecraft:time_since_death":203534,"minecraft:fly_one_cm":227761},"minecraft:dropped":{"minecraft:spruce_log":6,"minecraft:wheat_seeds":8,"minecraft:carrot_on_a_stick":1,"minecraft:grass_block":3,"minecraft:spruce_sapling":2},"minecraft:used":{"minecraft:lever":10,"minecraft:diamond_pickaxe":25,"minecraft:repeater":18,"minecraft:bow":16,"minecraft:comparator":15,"minecraft:spruce_door":1,"minecraft:command_block":20,"minecraft:grass_block":86,"minecraft:redstone":31,"minecraft:carrot_on_a_stick":963,"minecraft:stone_button":3,"minecraft:repeating_command_block":6,"minecraft:redstone_block":1,"minecraft:diamond_ore":13,"minecraft:observer":20,"minecraft:spruce_fence_gate":3},"minecraft:picked_up":{"minecraft:diamond":24,"minecraft:wheat_seeds":8,"minecraft:carrot_on_a_stick":1,"minecraft:spruce_sapling":2,"minecraft:spruce_log":6,"minecraft:redstone":1}},"DataVersion":2230}