{"stats":{"minecraft:custom":{"minecraft:time_since_rest":9219,"minecraft:damage_taken":180,"minecraft:sprint_one_cm":21092,"minecraft:walk_one_cm":899014,"minecraft:drop":83,"minecraft:damage_dealt":410,"minecraft:fly_one_cm":892887,"minecraft:player_kills":4,"minecraft:play_one_minute":506656,"minecraft:crouch_one_cm":4783,"minecraft:open_shulker_box":1,"minecraft:deaths":15,"minecraft:sneak_time":5067,"minecraft:jump":1985,"minecraft:leave_game":23,"minecraft:time_since_death":9182,"minecraft:fall_one_cm":267},"minecraft:picked_up":{"minecraft:chain_command_block":3,"minecraft:redstone_block":1,"minecraft:repeater":2,"minecraft:stone_slab":1,"minecraft:gold_block":2,"minecraft:stone_button":5,"minecraft:dirt":2,"minecraft:stone_pressure_plate":1,"minecraft:glass":1,"minecraft:sign":3,"minecraft:spruce_fence_gate":64,"minecraft:command_block":2,"minecraft:glass_pane":1,"minecraft:oak_leaves":2},"minecraft:mined":{"minecraft:grass_block":1},"minecraft:used":{"minecraft:purpur_block":1,"minecraft:piston":1,"minecraft:glass":11,"minecraft:lever":3,"minecraft:bookshelf":1,"minecraft:command_block":40,"minecraft:melon":1,"minecraft:carved_pumpkin":1,"minecraft:iron_block":1,"minecraft:grass_block":9,"minecraft:redstone":12,"minecraft:oak_planks":192,"minecraft:stone_button":21,"minecraft:orange_shulker_box":1,"minecraft:sign":24,"minecraft:stone_slab":135,"minecraft:sandstone":1,"minecraft:stone":2,"minecraft:redstone_block":43,"minecraft:iron_door":2,"minecraft:gold_ore":1,"minecraft:oak_door":2,"minecraft:oak_leaves":1,"minecraft:repeater":15,"minecraft:diamond_sword":2,"minecraft:diamond_block":5,"minecraft:dirt":3,"minecraft:bow":22,"minecraft:emerald_block":1,"minecraft:crafting_table":1,"minecraft:furnace":1,"minecraft:glass_pane":145,"minecraft:chain_command_block":169,"minecraft:gold_block":680,"minecraft:infested_cobblestone":1,"minecraft:ice":1,"minecraft:stone_pressure_plate":18},"minecraft:dropped":{"minecraft:sign":1,"minecraft:dirt":1,"minecraft:stone":1,"minecraft:stone_button":6,"minecraft:stone_pressure_plate":1,"minecraft:stone_slab":1,"minecraft:glass":1,"minecraft:command_block":1,"minecraft:chain_command_block":1,"minecraft:oak_leaves":2,"minecraft:glass_pane":1,"minecraft:redstone_block":1,"minecraft:spruce_fence_gate":128}},"DataVersion":1631}